,0,1,accuracy,macro avg,weighted avg
precision,0.8972602739726028,0.8363636363636363,0.8805970149253731,0.8668119551681195,0.8787792048474935
recall,0.9357142857142857,0.7540983606557377,0.8805970149253731,0.8449063231850117,0.8805970149253731
f1-score,0.916083916083916,0.7931034482758621,0.8805970149253731,0.8545936821798891,0.8787614855551036
support,280.0,122.0,0.8805970149253731,402.0,402.0
