,0,1,accuracy,macro avg,weighted avg
precision,0.9006849315068494,0.8454545454545455,0.8855721393034826,0.8730697384806974,0.8839234710631154
recall,0.9392857142857143,0.7622950819672131,0.8855721393034826,0.8507903981264637,0.8855721393034826
f1-score,0.9195804195804196,0.8017241379310345,0.8855721393034826,0.860652278755727,0.8838130903236411
support,280.0,122.0,0.8855721393034826,402.0,402.0
