,0,1,accuracy,macro avg,weighted avg
precision,0.9018181818181819,0.7480314960629921,0.8532338308457711,0.824924838940587,0.8551466005690945
recall,0.8857142857142857,0.7786885245901639,0.8532338308457711,0.8322014051522248,0.8532338308457711
f1-score,0.8936936936936937,0.7630522088353414,0.8532338308457711,0.8283729512645175,0.8540462778909101
support,280.0,122.0,0.8532338308457711,402.0,402.0
