,0,1,accuracy,macro avg,weighted avg
precision,0.898876404494382,0.7037037037037037,0.8333333333333334,0.8012900540990429,0.839644888334027
recall,0.8571428571428571,0.7786885245901639,0.8333333333333334,0.8179156908665105,0.8333333333333334
f1-score,0.8775137111517367,0.7392996108949417,0.8333333333333334,0.8084066610233391,0.835568138436988
support,280.0,122.0,0.8333333333333334,402.0,402.0
